,bookid,name,has_disability,words,bookname
0,8469,Linton,1,had stood whispered stood ate look does replied was talked see laid persevered possessed asked asked loves melt shnke learns learns comes came been is arrested step said made refuses affirmed contrives wish resort neglected love thought has had gave had exclaimed descended asked mean said defending rested 'D choked coming gathered opened yield said unbarred love miss fallen provoking persisted guess rising spoke took tended watching is lavished reply get loved love has meets laid took broken be risen hurt sprang meant said walked depart hear answered be sent had appeared lay uttered spent is been come was was caught let bear detests chase kill extinguished doted is has took destroyed groaned boasted send displayed trusted say demanded ordered spoke done been was flew calculate was had said began trailed sat suffer pitied prepare going like recover love live had sank ran took ceased gaze replied stirred eat come come added return learned getting go have show is sends told answered said died said stood been calling grown recall stepped cried answered have come kept gathered stepped giggled exhibited know said asked looked understand repeated said lived coming was dying refused dying go murmured said goes denied Do murmured began replied said looked slid answered replie have recover had is do were seemed sat said did got recovered begged reddened imagined spell learn wished was conned lying said asked advanced said swore clenched kicked wrought grasped shrieked shrieked fell heard milking inquired caused conveying stopped killed laid speak has open sat had let be behaved write leave pleased expect seen sighed be come returned felt felt accompany said wished continue complied yielded forgot bid appear had held glanced looked uttered 's wakes evaporated wish answered made told started separated answered coming clung had watching selected shivered thrown sobbed assumed said is last asked continued appeared venture shown be be shouted sunk made fell whispered 'Ll clung drew said answered was exhibited entered menaced had was clasped felt said dare make recommended got requires play 'Ll lay sucked replied took overflowing divined wait quit felt determined die had gone begged had said soldered gets know have turned said repeated bequeathed meddle knock served flogged flogged deliver encourage marry refuse accepted tolerate natisfy told met kill loved let love resemble restored own entertain see take terrified told held compelled Inform tell hate loved tell provoke knock checking push know left tease bring seen cheer loved esteem knowing blotted worked exasperate give christened take deliver left have fatigued placed seated leave desired see see love asked keep mused like compelled engaged urged obliged get see recognise sends see kissed rendered ta sit Is questioned understand tittered see dropped tell convince love cried added sang humouring direct like quitted asked beat charmed see despised tease seized swung left throwing pull dragging killed abusing told see reach roused threw puzzled leave compelled scold ordering wandered murmured left tell convulsed see accompany refused filling mean persuading lovo marry frighten catching altered buried terrified allowed gone hurt touched stupid handsome sulky sick capable worse mean discreet ready glad dead nothing degree certain hush being being welcome willing weeks younger silent reluctant much taller simple conjecture darling good white dead aware able unrestrained better pleasant better worse lively powerless dead dead safe sister mother eyes nose sister visits resolution presence is antipathy sake person discourse neck fingers tone mouth love affection friend brother movements words wife company talk baseness irritation distance breath ribs existence coming ears books voice arms demand arm face nephew proxy attachment being heart quiescence servants footmen absence aim efforts guest arms anxiety presence bereavement estate daughter son head eyes features smooth lids lips spirit days head assistance match presence knowledge day rage malignity hands father maintenance absence arrival cap side features account health bed father journey pillow curls arms fingers eyes master heart face voice features lessons evenings life property cap age features eye looks form manner cousin seat energies letters cousin laugh father neighbourhood sake heart death cousin tones brow behest absence hair father chair head seat disposition behaviour cousin idea chair good-humour hand name ignorance attempt circumstances c face fist face hands cries mouth work room mouth friends parlour father selfishness sufferings things nephew father desire father request position family epistles father assent uncle lack incapacity person lethargy assertion side head breast humours mood father sufferings slumber name eyes father circumstances state letters character moments cousin frame sobs deathbed illness eye head account uncle sweetheart father strength cousin breath speech self arms coward agony letters last stock tales kindness mouth lips father enemy son decease nephew family re petition life grave side room face father uncle,Wuthering Heights
1,inu.30000003130071,Clifford,1,went had came had drive pretended was was had smiled take marry felt took marry married came professed left had stood hated had wore looked had saw was bear wanted talked thought asked said wanted bring was mind know had invited invited feel lived inviting hesitate had found made know discovered had used wanted wanted expand knew asked said said turned said said laughed had looked had looked appeared seen be be know know knows know does said crept conquered wanted felt wrote seemed wanted hated read wanted wrote reaped longed known wanted give making retires said talked held blushed said stammered got had protested think is made chuffed had steered puffed got loved loved felt wanted wanted been get saw having hate sat stopped risk sat sat said sat said said said said looked said said look started stopped said noted pushed breathed looked asked notice managed went saw began began said looked stared seem was seemed talk talked talked seemed become sketched made is going invited was know count does is called seemed had wanted tended wanted wondered said had took was was was blame was belonged panted had had denies bring said said thought shrank considered sat waited had had knew said asked said ran felt said stare looked said hated stand divorces had said sulked suggested had knew liked said played made rang forgave said was were asked said know have waiting like said glanced said smell quoted said asked said took quoted said attracted seemed know fascinated had said rang say resented liked let yielding felt got was dictate rang taught educating enjoyed seemed use liked listening found knew began thought asked began began belonged had wanted realized catering caught doing realized got peck beg began roused was went learned sat knew care went studied put began felt had fulfilled done know depended was felt owed showed had wanted turned preferred installed get sit sit listening took drifting seemed talking touched took asked stay said sensed touch go said sensed ascribed thought was let asked preferred said went was watching said asked turned said said sleep watched spent gazed did gave looked felt triumphing sleep ring lay gone stood forget won winning go going going do think disbelieved rest got said went had done went know went find was stood saw see sleep gone collected put said felt had was begun said said paused answered said said said felt believed believed felt said shook think said is said make looked said knitted sitting say mind swallow forgotten joined said stopped said said added said retorted said was said said stopped said asked replied said started halted said started said lapsed steered said kept came stopped said said sat going brushed mounting was said said said putting said started said had made said sounded shut gone said said has sat said stood said scrambled started resented made come jerked do do jabbed said do reply began put putting doing saw do do try seated jerked got moved stopped asked tried glanced added doing moved said have said heard glanced said added said failed clutching said looked heaved asked sighed said rose stooped looked said obliterated made said upset hates hated feel feel got knew find sell made sell take raised going said looked expects been started looked got said allowed worked made exploded looked get looked said stared said stared said stared thought know accepted admired help said wanted reading had said waiting said said asked looked said said gambled needs used made suspect had had decided is sitting said wrote wrote looking looking told found came going knew replied said find said made asked talked asked said said leaving said take told mind say said put want have detested had known refused kept was gave had said said admit admitted admitted knew felt thinks get 's squirm die thought betrayed weeping laid put let went hold said say lay gaze put becoming used getting got answered meant said replied sat taking said looked insisted asked was sprung glared dropped sat asked known leaned seemed was be said looked accept knows want leaves do want does want married left dressed bred terrified shipped liked lamed dressed attached hurt goading helped replied intended intended have asked hurt hurt understood loved stimulate wished see tell used 're asked frightened aroused brought thrilled display carried leave like kissed helped get get help asked made fixing hitting Tell hang abandoning asked nursed contradict helped helped valeted shaving have remarked shoving disliked married disliked married gave shave getting handling caught adored gave tempted kept hauled attracted help leave dressing touched got frightened fascinated hidden watched tired tired help braced haunted put tired drew disturb gone affect asked remembered interrupt told felt aroused caught asked snapped asked done been pushing Leave snarled Try done cried heave killed hated hate get hate wanted hate Hate hating love occupied told tell tell soothe determined tell having manage leave call called see wanted upset help told pressed asked told carry present disliked Did tell detested blasted get surprised leaving want leave wrapped pull fret drew kissed rocked kissed rebuked put meet dressed kept used done telling see home baronet downcast proud upper-class aristocracy shy bit unpopular haughty supercilious part shy thing lame interested sensitive angry years proud good man sort afraid polite forlorn handsome sure hopeless hopeless edgy anti-social right tall displeased frail aware strong alert alert famous clever misfortune warm much rage Pope uncomfortable yellow different aware wellfed gentleman patient flattered boss pits interested aware stiff queer tortured uneasy rusty networks listening-in afraid healthy afraid dead hanger-on sure man glad wrong pale yellow paler man deal much better somebody husband fool hard glad aware man child much evil silent silent speechless willing incapacity voice wife ruddy eyes shoulders hands father mother way ease class defenselessness father importance father position baronetcy marrying month satisfaction class ground tailors face voice eyes nature manner maiming men stories writing name writing mind mind work work books relations relatives books books instinct soul appearance eyes existence rooms way way man comment hopelessness orgasm best way ideas cronies cronies motor-chair gamekeeper own smooth face desire eyes idea gun shoulder voice arms legs pale way information mind stories equanimity self life success books photograph instinct writing stories psyche acquaintance chair writings talk sort race assurance tongue mouth Eva success books sort wife sort sort chair hair face eyes expression stiffness eyes way selfpossession room chin study tea study consciousness words obsession obsession words keeper ut grip insanity consciousness charm charm fastidiousness face cheeks jaw face body manuscript manuscripts colors service genius village income father stories stories amusement meat states yearning face mind weirdness efficiency declaration declaration protestations voice gamekeeper stunts reading voice books pit-manager glass life shoulders chest energy eyes dread wife life own chair coat nerves mind thoughts beating bounds room periods potency suggestion child child idea coal hand head rabbits brows room door welcome lameness legs chair wife steed chair feelings chair say apathy hat horn hand path motor gun coat heels finger shirt hat forehead brow stomach neck finger heels engine bit buzz levers engine brake inside pressure shoulder emphasis hand feet hold gun coat home foot head nose handkerchief coat weight head composure sort sort coal glimpse room pale eyes under-consciousness consciousness ego habit book assurance housechair anarchy wife wife handkerchiefs shirts things manner letter courage child own gamekeeper confidence face pulse face senses wife wife tail self manhood pride manhood self-pity eyes cheeks face body face arm shoulder shoulders face shoulders hair arms tears head body body part manhood hand will existence personality chair face eyes chair,Lady Chatterley's Lover
2,mdp.39015000608102,Parcival,1,had appeared been told began began began know man,"Winesburg, Ohio"
3,mdp.39015000608102,Elizabeth,1,was went went went yearned cried clenched declared put look had crept went steadied hurried thought was told had thought felt worked heard was stood born startled dreamed tried got meant get walked thought felt blame blame sobbed put thought wondered lighted went decided blew reeled knew worshipped came thought sat remember married thought involved known passed began talked wondered come let talked said talked becoming sprang walked came said tried followed talked went turned began thought fall died stopped died died struggled put got explained visit alarmed called tell got love took paralysed held tall able timid beautiful happy perplexed hysterical face figure husband determination body eyes fists head hands life son body anxiety son hand teeth father name room son lips bed son father tke life mind father passion hand restlessness hand room mind hair head mind shoulders body mother girlhood father father mind father age marriage father decision life husband tale body passionately ride friend body knees son death bed mind eyes boy eyes marriage husband husband dream life Death,"Winesburg, Ohio"
4,mdp.39015000608102,Enoch,1,informed emerged lived walked came realise was turn went studied had planned draw had grew understand make went went got got walked crept lived was stayed made wanted know tried sputtered stop knew wanted knew say had wanted wanted trembled ended began felt painted stopped began need began talk explained went seen mould began married married got y dismissed voted had came got talked talked remembered muttered climbed brought began felt began rented got gave mot stared come stayed seen went talked went told wanted chose met asked said stared sprang hid kept enlisted remembered understand hit visit excited visited married kept excited took drive asked boy old child fellow afraid unable proud happy happy happy passion mother place mother mind education brain development room room friends eyes friends voice room mind room pie room turn fancy hands body mind own life porch notion Words apartment marriage wife children wife way fancy people living world life feet room,"Winesburg, Ohio"
5,mdp.39015002153180,Joy,1,came had done gone take sat went like looked smell had knew collected heard say see said said able strong remarks face telling name neck back eyes amazement,A Good Man is Hard to Find
6,mdp.39015002260167,Lennie,1,continued dipped sat said smiled dabbled watched imitated pushed looked said said looked grinned said held thought droned giggled imitated doing lay said got said lumbered taken came carried made backed contemplated reached approached stepped stepped heard sat looked said said went threw watched said knelt looked crawled knelt looked avoided sensed spoke broke shouted opened brought stopped choked said said said threw called put watched got finishing nodded understood smiled repeated dropped raised looked stared stiffened squirmed twisted looking said turned do do got ai messes ai know lying said gon comes mourned thought asked get raised watched said stared smiled tried cried went said leaned smiled ai watching cried move rolled do think take string ai ai come had do walk go coulda lifted jumps said ai do do seen holds think think think let let scared grabbed hurt jus wants ai came wore walked said said went said twisted concealing sat held scuttled said struggled want gon came crept got said reached said followed asked drummed said said watched said said said breathed subsided work go broke said nodded said smiling looked looked got gave cried backed was do covered cried took reached watched held held stood let crouched said said cried said held helped asked stuck know knows said smiled said walked came turned appeared stiffened smiled gulped said explained asked flapped said reached complained repeated lost advanced moved shouted said invited hunched said leaned said hesitated spoke laughed asked leaned pounded paused demanded repeated cried observed struggled repeated stood demanded edged said stood said growled grumbled whined cried reassured said pulled called went made said broke scratched said leaned insisted broke quit stopped said hesitated watched said coughed watched dropped looked looked looked said smiled said said sat pressed said move said agreed whined said turned said said put asked went said cried answered stood was sat sat looked put said said scooped continued made said unburied stroked went cried picked turned sat whispered rocked got stroked said worked said see looked shoveled looked glared looked was said said said swept said explained said stroked explained sighed said explained had come moved was explained chuckled cried said said stroked was begged began begged moved grew said shook said shook looked removed said lifted whispered pawed crouched said went picked said put crept crept called done done done done ??? went appeared came came knelt strained saw dropped sat watch embraced said pulled said turned said continued answered said moaned said said retorted cried put cried got cried said said looked said caid cried removed said turned looked turned obeyed pulled jarred lay lying went looked shook oughta walked startled puzzled imitated watched stay turned watching speak indicated ask know tell born took raised drowned get pullin told gets socked lynch followed got takin watched watched Get get garded fight see defeated leaned approached seen turned appraised consoled impressing do bring hurt seen found get bring lock finished interrupted obeyed close delighted son dumb baby dumb dumb damn fella scairt God brown frightened scairt embarrassed angry nuts head hat coat back paw fingers knees hat face hands pock hand hand hand face knees face face head knees feet hand freedom pocket voice hand hands cry lip eyes shoulder head face face advantage pocket mouth face bean bindle bed bed head head hands arms hands glance feet elbows eyes bunk tone elbow face eyes eyes ear bunk bunk Clara Clara coat shoulders bunk face knees neck shoulder stomach hands bunk dog right pup rollin bunk bunk lady head nose nose hands sides face paws hands face hand face eyes struggling fist paw hold hands mouth shoulders eyes face hand shirt smile hands ears smile smile tone glasses bunk chin palm eyes voice excitement knee voice attention torture face eyes bunk glasses eyes fingers seat interest bunk wrist pleasure cheek picture spine hand keep wrist knee hand half eyes lap bunk bunk voice eyes hand anger back knees sorrow fingers fingers woe face hand fingers fingers face hand hands hand hand hand coat lips head head side knees chin knees hat eyes head head voice voice head voice hands ears brain knees hat head back head head head set hand,Of Mice and Men
7,mdp.39015002311556,Colin,1,said make said said said lay done spoke said nodded said said lie said said look said looked said moved had boasted answered turn said lay thinking talked done said said said said read looked was was trusted said mind had said said lay said thinking said laughed wants says forget was watchin watchin keep have wants go go order like was lying turn answered said said sat shouted caught enjoyed thought going had looked said felt know heard thought told told wants try got having stopped stop 'Ll likes turned began scream was heaving heard gasped tried gulped said turned lay turned like spoke said pulled said said closed was worn looked was said cried began cried hear put said was is has talks said cried shouted gasped cried clutched began listening said had found arrived was sitting announcing knew felt sat added laughed feel said did felt found knew taken let listening was made said added said was listened answered heard marching passed talked think felt walked had fixed going liked said said had said leaned kept said whispered said saw watched look said saw had said went said caught darted asked felt said decided lying said answered said lay wondering had recovered commanded threw standing flung turned said looked showed said said said remembered asked said touched give getting remember liked said said looked said stretched began drove said set said stood said said know was lived made said turned demanded said frowned lay said said read drew cheered said asked thinking wondered saw smiled answered suggested said said thinking said began said go said said took looked kept sat sat paused give gone returned looked cried thinks finished goes explained flies makes lifts got groans says keeps eat says remembered appear said suggested said said pushed said were said enjoyed liked improved fell said watched do sitting did stood steadied do knew watch set beginning said giggled see standing said answered said gave said got said said said said thought said held felt said came lecture doing said said laid thinking did dropped do stretched threw realised cried demanded see talked saw answered remembered went known hoped help cried knew inquired said felt know pulled said took watched said stopped lifted staring said looking said explained said gets said shut get tried cried went went found spent walked sleep begun knew thought began go wondered feel went shrank walked returned go lived walked felt fell know fell began feel dreaming remembered thought was thought sat heard heard thought sprang hear answered awaken slept did expected planned thought drew managed looked said put ended told heard see startled amused trusted known take seen get bring take disobey born forgot tell show beat worked scold choked made see tell brought telling sent 'M cried told watched threatened thrown cried bring accused watching exclaimed watched helped brought looked asked saw uplifting carried replied given examined called watched obliged impress understood asked asked tired fast kind pleased healthier wrong strong child quiet ill boy weak ready overwhelmed late surprised spellbound king boy delighted goin goin bein invalid stranger dull ruddy good silent cripple invalid half ones head hand lashes cheeks eyes room elbow cushion pulse eyes room face cushion back carriage carriage sofa room back head pillow hand spine hunch mind father tantrums fear pillow face breath spine face face breaths storm face hand face hand eyes hand room face eyes bed face bed hand nose clothes eyes senses aches tantrum bed sofa gown beat fancy fancy bedside jacket arms pocket sofa rajah hand breakfast passage smile arms side shoulder right pocket life pleasure language sofa lap side feeling face chest eyes ears eyes voice hand beak Magic cushions locks forehead face answer head tantrums arm head eyes arm cheeks head boot chin hand face hand flush feet room peculiarities way life manners head smile face brows creatures smile smile face hand head cheeks introduction strength savin Magic legs father room sentence heels eyes chair head chair cushions annoyance wrist sleeve arm grandeur branch sofa skin eyes cheeks begun forehead lips eye sofa outbreak orders chair room tree face trowel feet trowel height arms face eyes face charmer cap cap hair face chin cheeks attention expression shoulder eyes shoulders face room fears detestation feet blood veins experiment mind days dreams thoughts soul boy dream feet side feet tallest hand father,The Secret Garden
8,mdp.39015008821251,Thomas Covenant,1,reached opened found left spent try reading reading trying sat said sighed pretended brings take got said standing had tasted gone seek realized pushed stood wavered see lost fighting felt lost end met went rode know believe breathed damage know believe hurts watching struck forced insulated ravish unable conscious leper house room disease fingers room rooms mind balcony daughter crime own forehead eyes eyes duplicities hands chest balance halfhand fist finger Unbelief life defense way response flesh,The Illearth War
9,mdp.39015028400326,Brenda Kay,1,slept brought slept ??? stirring sleeping said said held looked slept came stirred took came fell tucked smiled started cried cried knew slept stopped left had turn have called started said started screamed screamed come said hummed rest taking born get straddling lying scream screamed untended screaming reached let walked growing had walk was seemed said started hit napped whimpered find coming walked whispered was let said be sat said made giving screamed met trying try was was said smack gotten said turned followed shouted turned moved sitting looking kept was clapped having gazing helped starting slept walked were wandering shouted moved said were turned said took looked touched said walked leaning was rocking said turned said whispered smiled stood stood let breathing hollering swung looked ducking turned shivering turned brought made met unwrapping said hollering was standing said laughing set looked sat rocking gave was eating call taken stood called said said whispered whispered sat watched come make stood wrestling waking whining chosen was showed let held sit scooted shouted smiled sat flinched said kept liberated had given woke pulled made pulled said swatted turned was sat said said said said stored whispered said stood walk called said turned told been stand was live started flipping shoot pointed tested made brought came pay brought have end shouted took swatting hear whispered has left settled stepping sit is whispered roust dressed laid picked held take carrying dressed come surrounding held holding sat born handing touching bring saving took held holding take wake born was born born burned see rolling lift danced lifted gotten sent carried left hugged take dressed enrolling led led go hollered held living had handing Go kissed see followed handed see sing scared turned teach see stood stood come name watched said waking rinsed bear born hollered round headed known sister wrong time Idiot fine JEWEL women outside Kay interested nothing true TMR safe cheek Christmas dolled head face hand head hands ear steps nap already head room head chest head hands hands mouth teeth head pain head hand eyes walking set words cheek legs hand life hand eyes huh hand mind hand hand hand hair ear hand shoulder hand class turn shot teacher bedroom room underdrawers school face near radio life voice lap transistor door door Toxie door shoes pantlegs hand hand hand life drawings education name room face face pole hands hook life voice hand hand hand hand door door hand friends programs accomplishing meal legs room hand hands hand eyes eyes room,Jewel
10,mdp.39015040081708,Electra,1,was grunt was had waving pulled revealed looked stamped said watching performers mother strip ass G-string rump thumbs shoulder ass chin hand ass head spine buttocks enough umbrella boots head mouth lobotomy,Geek Love
11,mdp.39015040081708,Olympia Binewski,1,put turn hunched lose,Geek Love
12,mdp.39015040081708,Iphy,1,sat helped yelped cried had felt squeal took sat loved had shook said sighed said sat ordered kept shook took reached said decided explained screamed cringed explained said said sagged turned said says tottered bother used stole looked bristled watched had explained fell left-handed melody cheek attention hand hands eye eyes mouth lips reach face throat blood arm shoulder shoulder face,Geek Love
13,mdp.39015040081708,Elly,1,slide said sat smoothed looks see helped maneuvered held stood was smiled burnt did eating hated acted squeal slung were took chattering pulling were knew see said shrugged had demanding slapped snorted drilled chirped pointed pressed grinned sizzled snapped pushing whispering knew hunched smiling tickle let dragged get reaches drew spit sniffed pleaded muttered claimed know said talking had sat spilled bounced had pumped wanted had choose said insisted was hated sat grumbling said muttered talk said glowered want come shook loosen patted snarled smoothed spooked like going going going has said sleep snorted keeps sneered s watched sunk looking said sniffed sighed giggled had continued crying hiding got wrapping snapped cried piped put sold peeped was hooted looked giggled let look grinned going was said nodded smiled closed glared recognize crying grimaced s accept hated ordered sucking cringed crying peered took said tittered grinned saw shared grabbed waved shoot sat waited dropped said went turned looked said sat did said scared yell hit pushed rolling known barked said spoke spoke opened nodded drool lay hanging sank likes is have thought shut cut wanted said wanted let damped bit wanted care wanted figured liked decided handle coming flop was come coming stretched coming is blinked pulled tipped gasped coming collapsed holding drooled sucking had s said making made worked told lying reacted cried cleaned fed lift gave urged sleeping put frozen help coming likes lunged threw jammed said stopped hit stamped said perched terrified see huddled distract knew hollered got need waited given given Bring help do growled stop shrugged hated have liked snapped pumped had asked used hit pull catch lugging supporting steered hugging laughed set supporting holding hold left hugged bring get feed brought chased heard careful right-handed leg rhythm afraid nothing pink old impatient old sort interested ready careful part glad mad mad mad able twinkling face soul hair hand trick break skin pimples harshness hands head lips direction tone toes voice arms glare on sleeves face forehead neck eyes hands fingers set act face bowl straw eyes whispers chair food meat arm head lips garbage shot ribs head hand head neck cloth face eyes voice ways Chick else voice hand hands face fingernails face hair envelope way hair hand chin whoring mouth face style eyebrows teeth horse neck shoulder face note eyes hand elbows idea sector hands face hand hands sunglasses eyes eyebrows pupil lids smooth throat conversation piano armpit weight head face ears own hand arms head shoulder jam way better head arms muscle skull neck blood tone grin head eyeballs voice belly mouth jaw lift breast titties eyes eyes face arms blouses breast own head tail breast eye face hands face body feet,Geek Love
14,mdp.39015040081708,Miss Olympia,1,mocked begins give on,Geek Love
15,mdp.39015040081708,Fortunato,1,broke had yank lay shook threw turned looking looking pursed looking pointed serves abandon depreciated angry chair neck magazine knee face lap head effect buttocks performance crib dreams head skull voice voice mouth eyes show techniques lack siblings,Geek Love
16,mdp.39015040081708,Arturo,1,used moved heading taken was poke murmuring began sat jeered undergoes established says wish looking runs wish claims denying needs expected surprised stood going had was had watched picked remember loved nanied manipulated deny defy make surprised adore took named pestered old pleasant surgeon businesslike nostalgic will eyes eyes eyes ribs demonstrations defects ego followers van twitches chair shorts seat eyes face eyes voice followers ideal body fame birthday dog,Geek Love
17,mdp.39015040081708,Chick,1,slide snuggled arrived sat napped slipped stopped needed had stood left puts bit said admits hiding hid found eat caught watched doing took help kept had sitting shook says said did sat explained said lolling flapping did said took put said holding nodded landed lunged born told born telling ordered born born resigned held glad sure crazy simple pink next painkiller infant delighted sure act eating arm face hair head,Geek Love
18,mdp.39015040597794,Charlie,1,is has understand said said fales patted had put needs said said making works fix knows wants lets have eat act worked smiles like thinks feels sees 's tries remember pushed leans wishes had likes relaxes likes know play is does walks throws says wants follows sneaks rings goes gets took care gave runs does makes laughs stands throws says write graduated pushes got goes said like rubs learn learn come keeping knows make learn stares understands backs remembers know reach knows sees knows wants learns rolls shakes gon frowns watches hesitates picks rolls looks has do wants follows doing makes sets stares forgot sighs nods smooths smiles likes sits starts feels know looks gone knows asked meets understands learn get pulls limps do holds spends standing looks smiles stands cowers go wants knows go walk feels wants has watches stands identify wants reaches do control dirties feels runs said tried peeking amuses bends follows loses goes likes like did finds got Let whispered was frightened going got whispered fainted seen know tried told had writhes waiting waiting sees bursting waiting speaks shrinks done sits knows coming talks tell see has goes pats respond lifts has cringes recalls cringes starts opens stares smiles takes goes flushes take tries squeezes adds unlocks nods wants sees pulls has suffering has refute know came was exist 's went died harm said grow have understood huddled comfort done change understand is wakens learned shrinks sees looks wrote pat resent believe appears giggled was waiting watching exists existed exist exists coming whispered interfere stand panicked let get stopped made doing got said got panic let comes doing was walked struggling is tried are had mean do is want fear waiting understand staring said cant trulie sit sit use skared told werks tell keep help pulled tell mind leave promoted sent ditched pull teases tells scared excited pushes catches hurt beating takes tells confused Do leave tell confused rush push see show told take overwhelms spank spanked terrified see find saw take testing beat see asks fascinated raising help leave lifts lifts confused terrified hold tell fills leads like terrified Take Get Get gone Get Get find seen sent Watch send put put Put surrounds see hurt tell diminished paid told motivate meet invite brought hold gone covered locked outwit hate put see gasped gone pulled baker card guy scream scared careful unaccustomed able able frightened capable afraid boy Norma busy boy moron alive afraid afraid afraid afraid afraid moron guy genus hand operashun asistent blushing bundle twitches skin clothes hands pockets spinner shoes nails hands cap eyes legs mother seat fanny shirt friends clothes nose teeth face head head shoelaces face elbows head elbows hands fingers fingers frame hand pocket head book legs lap spinner spinner father son hand body legs arms insides bowels spinner spinner pants shirt hand intestines whimper face hands father spinner shirt father mother mother mouth cage terror ??? mother pants mother father mother shoulder house sister button face trousers leg returns father face father head parents mother eyes mouth lungs head hands face eyes shoulder parents mother forehead kind mother sister mother house room shop approval face face son voice eyes hand thumb barbershop peanuts place mother stranglehold appearance job door giggling contribution eyes mother sister,Flowers for Algernon
19,mdp.39015040597794,Mr. Gordon,1,have said b-buys examine retarded thinking g-got g-got,Flowers for Algernon
20,mdp.39015043002289,Joe,1,shot make rising drowned came fainted went fainted struggled fighting knew drowning lay used knew had hear remembered see knew feel felt jump lay had tried wished wished froze feel feel felt felt think feel going get run got lying remembered lay wanted staggered going had understand open think open open think was open thought start felt felt was was thinking yawns figure ai says trapped trying had doing got do suspect got help pinching scratch go go shot feel tired ai trapped fool kid deaf able sure man ??? father strength strength head people bandages side arm skin strength arm skin arm arm arm arm arm hand hand arm shoulder arm eyes stomach head eyes hands lungs eyes eyes sleep eyes eyes lids skull way brain,Johnny Got His Gun
21,mdp.39015046349141,Benjy,1,get gave kept go come put going going said coming got said made hunted knew say know crying crying crying hated started dressed dressed broke started go told send keep Drink Get tell Bring mean carry lead carry carry cut feed go send wake see take hurts hands pockets dolls He pasture pasture pasture pasture clothes,The Sound and the Fury
22,mdp.39015054067759,Rat Kiley,1,carried carried said carried said said made put says say say says spits looks playing stepped took shot shot put lost write shot shot shot reloaded shot crying tried laughed thought liked had slept wanted felt claimed arrived tell smiled tolerate get snap say tell heard said was sleep gone standing said recognize watched think said picked help wanted tell stopped caught went took told ripped said took helped did leaned was was hit sleep cope broke said said stepped liked grin murmur told shot killing troubled old books friend friend rifle face foot face grief stories eyes eyes hands voice effects lap head personality head,The Things They Carried
23,mdp.39015054102655,Almasy,1,went was used asked murmured had turn looked came loved says drunk drunk stomach bed face back crouch hand arms skin presence,The English Patient
24,mdp.39015062063501,Christopher,1,said please have said said getting behave said hurt please said tell touch said said said understand write saying was said said put said said crying said said said left rang was was touched have shook said going get come came lifted took made is said knows know held fell sat said stood said opened see 's soaking let said let said said pointed said do held please got please holding dumped came crouched said went have go tore said rubbed said got walked took came said killed killed leave killed tell talking replied ask written have Let hit pushed call want told have Tell Tell name silent silent silent worried close sorry sorry old Retriever Oh mother voice hand breath hand fingers walkie-talkie truncheon belt aftershave hand fingers fingers mother hand forehead fingertips hands,The Curious Incident of the Dog in the Night-Time
25,mdp.39015063339868,Paige,1,coming was is doing ^ doing come 's is said have please saying got keeping leave take have see say stable tachycardic memory sister pressure temperature daughter mother house mama home house daughter,We Are All Welcome Here
26,pst.000018729719,Joan,1,is said asked doing doing came like beamed told get said leaned trying pay said heaved sleeping rummaged said went grinned considered said be left had had had gone wolfing seemed leaning said pointed said wanted ducked sitting play played keep chanted hung suck edged gave slipped said grinned paused said hesitated breathed pouted said said fascinated continue said saying stretched lying spoke chattered had grew opened said notice said noticed propped stood refuse refuse took went peeled arrived pulled began mentioned began said brightened called insisted gave stood knew come is had was be come used go sniff said stood did take take find made led pictured passed confined tell made told left held found found hanged dated known girl ??? crazy horse-jumper double likely mother teeth friend bed along suitcase hands wrists eyes books clubs rackets voice progress Spam room head books room pocket voice tweeds shoes maxims boy voice thoughts feelings thoughts crisis enthusiasm psychiatrist recommendation address eyes take pleasure sofa return room head family face voice outlines death Kennedy parents friends grave,The Bell Jar
27,pst.000018729719,Esther,1,seen gets typed got canceling wish thinks write said wanted said seemed hooked said said come said come know stepped returned hate shared wonder marry writing doctor mother tray arm,The Bell Jar
28,pst.000044192167,John Singer,1,looked make found leaving hand friend face,The Heart is a Lonely Hunter
29,pst.000044192167,Antonapoulos,1,loved sat said cooked loved have looked go worked stay understood let was watched leave made crowded lived looked kept enjoyed sat wept forgotten stared worked carried watched pushed returned shook let took went suck got sitting lived cooked turned tasted stumbled was made left had seen had read kept kneeled write enjoyed was is nodded nodded made rolled frowned lifted took watched leaving told marching meet met kept changed told take asked convince visited disturbed saw sought knew ready proud able bland busy interested first unhappy enormous first glad dead spoon,The Heart is a Lonely Hunter
30,uc1.$b322793,Mr. Daventry,1,said opened shook whispered hated spoke gulped stood kept stopped noticed had been received felt shell-shocked beginning know go supposed opened gripped kicked look craved stared opened put said revived passed had go nursed understood searched put heard said began go waited stood remembered thought danced kissed know forget dancing heard stared said said put said looked continued said suggested directed said shrugged stared said said smacked said said look arrived paid been come walked returned rang said glanced expecting said come saw replied said thought go took been exasperated relax replied reminded expect pleased acting-major fellow sick stay arms back eyes eyes partner ankles eyes cigarette arms jaw muscles revenge laugh partner elbows dress ??? hands temples drink glass eyes hand temple look knee look drink mirth irony demand feet face,The Last September
31,uc1.$b322793,Mrs. Montmorency,1,looked wish had tell seen hear signalled signalled had let supposed said liked sit felt answered invested beginning went said met remarked were sat gave continued said said said felt argued turned turned turned seemed marry soared perform staring dawdled came sat surprised came had want was bear clapped lifted kicked noticed was wonder said passed said took sleep contemplated getting holding turned laughing laughed explain thanked knows thought came turned 's ???? is is marry is comes thought said looked think said comes goes thinks understand surprised heightened sat telling caught forgotten surprised engaged Is told school image sure certain interested afraid nice happy unselfish regretful veil searehingly reserves Laurence conversation view childhood feeling dress hair expression limitation fervour jaw eyes lips face nose chin feet husband knees jug face eyes engagement wedding funny happy busy down up candle difficulties,The Last September
32,uc1.$b322793,Francie,1,consoled had intended blame compensate was heard met came knew had had made been help shown had slipped felt expect came was looked waved said turned saw thought said thought felt went sat know say said gave let bear looked heard fled washing said stooped deprecated dried got relaxed lie lay protested lay wondered said been had said made wants felt added are added did given died went come wanted wanted said care sighed wondering thought have remembered liked wondered thought supposed lying got declared found spoke hated hated hear knew felt said contradict broke 's felt live said explained waiting was gave continued trailed said talked talked wept come feigned longed lain lain wept was thought slept said got has died ???? looked feeling said looked took thought ??? let impinged sat rolled said be make tried keep said lost taking have insisted expected think take summed hated rubbed knew wondered going said wave insisted enjoy said slipped waved came kindled wrinkled said expected wished seen say said discussing seemed made marries thought seemed fallen think says finds looking understand outlines went nodding composed wanted go standing had said brought did cried cried resumed post sighed making said went said picked cried make persisted deserted shrank said took sighed bear shielded lying failed getting went seemed covered asked thought thought nodded wondered wondered saw deny have went was looked told ordered sent left fit pick getting told cried told cried cried Was waylaid cried bear sent married remembered embarrassed missed Had find thank fascinated shown brought missed pass produce altered told enlightened appalled pained much tired afraid tired able mother simple glad glad unhappy unhappy unhappy caution much philosophic dull glad distraite happy life cousins life mind husband hand indecisions relinquishments health temperament candle door face veil hands eyes mind thoughts skin hair hands face face dressing-gown head head boxes delicacy absences relapses feet own life punctuality things hands look nerves rug rug life foulard lap umbrella shoulders arm hair letters smile cheeks eyes diffidence softness personality body skirts fancywork holder mind room thoughts husband intentness husband everything amusement work suitcase mind looks clothes room luggage politely good-byes present eyes imagination dressing-case hands now face days go life idea letter blouse nose gloves boa jabot modesty mind room candlestick voice lips candlestick back room candle-flame hand uncle egg mind tender egg,The Last September
33,uc1.$b784307,Charley,1,dashed died gone imagined saying been be looked found went pumphandled explained drawled spoke agreed said muttered catch wondering began go was hobbled bowed denied knew was was phoned oyer met said said felt said nodded coughed wondered get looked knew was know followed felt stood thought risked was found mumbled hardened asked forgotten meant looked have remembered say said said added spoke said sat noticed said said felt supposed replied said ended speak asked said said said said saw said thought was waited heard saw mind said was replied do consider thanked got followed ran met been remarked piloted dragged laughed had asked expect like said paying looked cleared had thinking liberated had looked said grunted surprised paid ventured said continued took put begun drawled paused boasted took had staring held felt looked mumbled was sat said had have said asked agreed agreed leant said said told said said frowned care eating hired grunted sat continued gave take asked said enquired spoke mumbled explained listened explain asked 's admitted got paid held grown waited listen feel had hear took passed felt told sat waited encouraged regard smiled heard began shied looked felt phoned began found dreaded dictated remembered read leave did watched imagined see see thought lift felt wrote found got existed wandering thought felt got put found stood forgotten got remembered was thought walk found sat won sat asked asked looked said meant stood said saw stumbled walked look loved get manage thought listened began knew was found stammered got rang was walked found sat collapsed woke bear was went gone washed arrived see look felt said went reply pawing said passed went interpreted laughed leaning went lowered notice did asked looked saw wondered said said lied find lowered said said know leave told help said gave misinterpreted trilled sat see pretending said said saw enquired said came said lied pretended said drink begin picked said said said said said said answer said managed saw saw asked stared looked wondered demanded brought cried began used stayed said remembered informed felt took remember asked said had assumed had got asked wait thought had asked trying realized got found found mumbled made tried looked said got managed thought said was said reply repeated brought done said said answer said see said knew wish took considered considered help spoke said doing began stayed do told said mumbled said said asked walked know going thought have.come was forgetting wrote said come looked occupied get took come looking dropped recognized took said said said explain was seeing found considered affected rang answered saw took said imagined understand felt wished knew was answer listened said believe was blamed remembered thought sat spilt kept muttered asked felt repeated said asked look muttered thought had shouted went thought wrote gone told had kept thought going recognized said switched had realized went finished sat objected handed added said felt said found broke covering got skimmed said finished known said stood said asked said asked went thought encouraged waited waited ended asked blushed got found noted stayed escaped started lied have used greeted accepted hoped said said chewed looking said gave began demanded insisted said said kept raised finished brought said weakened laughed got managed said asked added went paid been been have went knocked said enquired settled said said objected asked bring added washed took came did thought arrived went come stayed was come told was was forgotten are replied reply looked objected lied talk imagine got thought explained said enquired said felt shared looked commented asked kept felt wanted think explain began asked replied remembered said got agreed asked said lied said lying asked muttered stayed brought move began said sleepwalking said helping come lied slumped move noticed run gone feeling suggested asked asked said laughed known knew was had brought noticed had had got found sleep lay go told paying go taken gave said kept asked said said allowing dared fixed laughed smiling said murmured smiling said had wanted enquired asked murmured explained do asked began did made considered stayed answer said saw answered thinking reply agreed said repeated tried reply said knew started asked broke came said find winced felt dared did expected got asked stood said gaped repeated came stayed beginning got answered enquired said said replied lingered took rang kept had know mention thought kept had answer thought said muttered felt said had cared ask asked realized was felt felt stammered looking 's heard supposed got said waited asked assured said said added explained rang found said round began found speak care objected told aiming sent have let said looking seen was 's told know looked explained thanked announced said said thought made say called manhandled realized went rang got looked wondered saw stammered explained came cried said owned continuing leant asked said protested suffer said added stopped made looked find stayed think look managed echoed began began wondered looked enquired said commented agreed prompted felt sat asked said seemed promised wanted took sat said protested said brought made felt protested said got knew began putting opened replied climbed re-entered hear begin wondered saw put take stay took accept spend agreed recollected asked had replied think felt remembered decided do went felt kept was mumbled kissed had caught was announced apologizing said assured began felt losing laughed asked began got notice switched listened was hear went switched shut asked tried bounced lay told want paused echoed announced forgotten mention spoke knew get said said had gulped choked coughed did recovered said got rang did had ask said gave announced paused liked continued had had wanted is began glanced saw felt had explained said was seemed said began was had begun sit held lose support had ask planned said know come used be produced objected wanted dare asked said think said realize was asked insisted answer said explained said come lost say know had said was brought said asked cried think spoke considered let going asked had becoming knew find objected asked know floundering said asked brought met strolled went thought seen managed think know take put come pumphandled laid denied met ask recollect know piloted heard told break isolated watched spared nagged shook asking taken hustled made told know left hunched recommended keep loved tell chucked told forgotten blamed wager considered tell look see touched tell saw asked turned summoned dazed dismiss brought take ordered letting asked kept surprised alarmed taken love gagged asked preoccupied thought committed surprised told surprised struck took set seated choked told hurt rang having kissed calling lay see mean assured understood see upset amazed touched told told told sitting horrified despising held show struck ring made kissed trust reserved respected injured terrified told took bring considered addressing excited leave watching supposed irritated dead proud afraid certain drunk surprised unconscious frank open recovered dependable yesterday silent disgusted sick sharp funny feet man glad able link unseen sure case sore curious card straight cold ashamed thinking embarrassed upset moonlight dumbfounded able better deafj shy sure careful useless terrible comfortable able certain usualness helpless trusting suspicious serious nervous nothing slow upset machine time baby locks face stomach head head life prime neck neck heart forearms face mouth wife mind voice cup partner stomach head wife saucer chance way back right falseness leg jacket throat stomach glass round host whisky say face mind stomach eyes blood coupons expression breath holiday face head girl mind side breath name mind eyes work words nose reproach feet hands head head hands point face mail head eyes eyes nose eyes face ear work nausea mind Rose face own fault eyes jealousy father nature life scene eyes son experiences heart reaction part thumping ears face hands relations situation initials bed reason night fingers face Dot feelings room obsession chair whisky eyes eyes name address letter room mind voice breath case day pity chair coupons choice own mind door bed eyes eyes visits desk place job eyes visits name throat hand mother hand escape tracks indignation mouth welcome departure manner effusive goodbyes hat surprise face turn hands face eyes slow face call experiences sheets lips mouth feeling arm feelings clothes eyes surname name need breath mind eyes eyes head room room voice wife stomach eyes mind job need intentions side time wife mind lips,Back
34,uc1.$b784307,Mr. Summers,1,quacked considered replied have began staring enquired thought think want muttered watched thought was said began told been pay noting answer asked said made said thought lay looked said exclaimed warned lose stammered said interrupted feeling added had said replied agreed told tried replied took said withdrawn heard asked told found been owe favouring got Look handle turned surprised excited encourage lost dropped led way stomach inside daughter stomach name job firm,Back
35,uc1.32106002122734,Boo Radley,1,stand said sitting drove sitting going die live whittled received killed got put sneaked run have come come wants carried said said shuffled made touched coughed had pulled coughed wiped sitting made got turned making making acquainted heard locked think face survived make bother shut knew led needed old dead alive able Radley loose least sure arm teens scrapbook father name fangs fingers feet forehead hands cough hand pocket forehead absence feet children,To Kill A Mockingbird
36,uc1.32106010927215,Fredrickson,1,did come act keeps knows says says says grins make comes go tapping said steps calls likes says work says grumbles looks been gone stares seeing looks wants put reaches says blames talked stop following spread talked asked knelt get said go said signed scared keep guy eyebrows fist arm fist attack arm fists pockets arm eyebrows arm finger lip thumb trouble cheeks friend teeth tongue pants shoulder flashlight head,One Flew over the Cuckoo's Nest
37,uc1.32106010927215,McMurphy,1,checks sees comes making hollers laughs making let sticks comes salutes walks driving making keeps dealing know ai looks enjoying stops gets sees laughing knew said closed laughing kept leaned puckered straightened said looked says watching play looks takes says leans opens closes grins says looks gets pointing asks admit stands pivots says hides says says sits have decides finding put thought asked thinks wait makes get sits looks slaps finds holds puts looks knows knows bites grinning pulls raises look talking keeps grinned takes said saying tries lets worries describing talking stops watching laid watches knows knows fire lets pulls victimize saying turns turns looks leans says turns calls looks says takes make knows feels puts going see looks hooks going whip rubs rubs looks takes looks came yell got dealing has holds says says starts looks lowers nods takes dealt took picks dealing joking gave bought started pays shakes kidding let walk reaches sees sticks grins holding strikes tosses flips goes grins sees snaps knows is have enjoying gets holds comes holding stands says frowns turns winks starts comes runs heads blinks see get telling steps grinning looks hangs says goes stops snakes looks puts walks get takes start looks starts looks know says turns says finishes slaps stares believe hearing shrugs keep hooks rubs gets pays mean whispering lays gets lost walks puts moves like lays mumbles says 's find was knows looks drawls talks describes blinks has talking happen mentioned noticed suggested gives said thought standing dominating get help talked see surrounds calls shakes seem does makes making bothered knows keeps lose makes begins sees goes thinks loses got called taking had asks expected asks tells waiting says believe say says say stares argues seems says sitting got says came says let been says says puts shrugs says look takes says be hops driving is knows look tip steps do talk acquire quit shifts goes turns clinches tries knows lift lift do falls tore opens looks fishes won bends work throws understand keeps fixed be go has 's trying leave let imposing vote call going is tried tried realizes is coming burning reaches said did doing looks says 's says guesses stands walks knows doing drags gets drags scratches let puts has ignores warning doing told lure says trying asks rolls stuffs decides take put says calm comes arise wanting undo done came spends was won got said frustrating had read went think swabbed did splash be tell hurried sidled stood wrote told remembered joking 's is is gon was was let looked let fit says say turned leaned getting raising getting said frowned went learned go want talking having got saying said stopped been swam looked put watched waiting leave asked thought said turned said pushed had wanted want swam watched standing asked pushed said surprised got looked was look outsmarting got letting going talk getting doing giving say doing comes going came told understand acted thought put had told said did pry seen asks comes says tries places moved heaves walks says got laughs said saying looks wishes say starts think yells glares hollering trying blew sits crack turns nods cuts cuts asks frowns watches listens shakes runs acts asks says thought know says think says thinks gives explain know 's interrupts says says conformed say swallows stops says looks stands walks walks crying wipes see wipes smears starts turns sees stands says puts sits lagged worrying know raised came said face adjust yells fiddling been sitting looked watched going made had made gave was made took got bring continued roaring ask use thank been went sat got stop get see sitting composed wrote slept stand wondered have decided requested had wrote said closed started pooh-poohed heard was watched seeing sat let look sitting explained got got went saw whispered started making sang held jumped shut say got say was watched Thank told told had said lay say raised see had sign lay signed was had swaggering rang went talk reached saying said asking worn called rocked started stopped did noticed looked stopped gave said called groaned wanted left said got introduced intended asked borrow told have threw listening watching watched pushed saw fighting was thrashed got climbed said hooked put held walked called got said scooted led knew understand knew worked explained pay stopped saw getting said come came slapped said caught said commenced goes came said go stood were said need laughing do moving laughing going got boating springing gon make laughs surrounded tied leaned slid telling had be stood trying slipped got went came put winked said guessed hit came teaching put let said pointed said studied sucked yawned talking figured making spend taking bragged stayed discharged was was said arguing maneuvered had beat broke was had stay done go did seems take doing want making teaching came looked helped said said worked going helped do mention talked nodded played done said came held caught stepped looked said opened took closed said stood said said said raised drivin wants know said took forcing fell staggered gave caught shook shoved kept got ducked had seem kept act shook was weigh laid looked told stopped tried said raised said yawned straightened drew talked nodded slumped stand smoked flinched looked said told thought added asked asked whispered slept sat gimped was asked says says says did asks made said started felt swell tell regretted had give got laughed insisted take forgo come felt acting doing shrugging keep seem had growing was gave went went came have put telling said said turned took tell tell ran see drew said took whispered trying hissed talked worked got tipped unscrewed worked said switched said got sat said bit talked stood spoke said was unlocked said complimented said have wanted took nodded thought looked nodded said swept squinted put tipped turned told get snuggled was heard planning wake was leaning draped kept looked kept seemed held groaned nodded laced smacked napping said maintained said read sighted get looked thinking was came fighting say look look won meant slow tell warn tell salutes facing got claimed got leaned evidenced puzzled suit got reminds made caught upset tell trapped backed pulled pestering got waking hear hushed got tells affect covers tickles freeze looks got riding carries tells told have talked told fogged bothered gets tells surprise surprise keep learned kidding catch roused ship moved ship proposing moved send closed hidden got turned supposed had tell send recognize was sent sent committed stop ignoring told told get watch twist manufacture tell accused Watching asked back send told put told pry asks tells sees bugging asked get do tell tell slouched get tell reprimand accompanied told told beat told turned lead called stopped talk told find saw asked sees caught saw ask asking shot gone come pushed get discuss pleased provided embarrassed done come told show answer caught pushed hit held lay shook picked threw met followed telling told hear got worried asks ask talk hurting wired begging reminding took told dragged kissed talked gone tied get drive got sat stop talk stop Chronic sort racer type angel rabbit ready loud blind safe mad mad interested beat due therapy martyr hard strong strong pilot glad sure able blind able boy drunk big bigger drunk bee crazier friend sure martyr saint present aware operator big disappointed grins able full ready whirligig worse kidding hand mouth thumbs pockets head nose head lips hand cap head lap hand fingers voice glasses pocket nose thumb jacket face height forehead mouth hand chair face finger eyes chair chair chin chair button pocket pockets cigarettes thumb cigarette teeth hands chin creases cheeks shoulders voice mouth hands hands voice hands neck inadaquacy nose hand face hand legs crack interrogators chair mouth hands twitching chair mouth red hands cap hands nose chair thumbs pockets nose lip palms palm hand way head cards teeth arm seat head thumb spiel chair hands head chair thumb thumb head eyes head hand shirt head clothes pants thumb arms bed voice voice cap hips hand toes shoulder neck work toothbrush singing toothbrushing rag hand name conversation teeth arms singing hips head head head left right hands pockets bets finger shorts cap shorts singing leg banana belly chair plate spoon thumbs pockets nose pat knife bets chair money pocket arms office cards scat eyes place feet ribs chair hand hand interest hand voice end hotels cap fingers thumb hand hand manners temper question chair cap chest eyebrows head feet cap hat head chin hands jacket T-shirt arms feet hands thighs feet arms eyes lips teeth head neck hands body breath hands eyes breath eyes pockets hands desires hand voice feet hand knees head armchair feet belly cigarette teeth cap hair hands head feet hatbrim eyes arms neck T-shirt bet work job assignment nose head job thigh hat leg head thumb belly self way arrival chair knuckles wounds chair lip throat hands chair cut reason commitment fingers face fingers pocket lips wife chair cap wife knees wife package lap match hand cap head magazine commitment coffee act head fingers neck head hands temples ISO hand hair hand chances voice eyes head hand eyes hands hand eyes face mouth cap place hands greens cap head mind breed head hat thumbs pockets problems corner chair face eyes way best shorts request wrist cuts hand lead pass pass eyes teeth aunts knees eyes lips shoulder work knees lunch bed nightstand elbow pillow elbow cap hair T-shirt hand hand voice chin best head friend hanging chair whistle hands smile face cap head thumbs pockets nose hands fist someplace sweater hand hair life laugh people gills back footing head arms hand hand face relaxed life life smile grin presence spoofing friend profit dealings craft actions time ways hatbrim bringin system thumbs pockets head mouth thumbs pockets nose thumb eyes eyes voice head chin fists head arms head shoulder hand head feet head thumbs pockets mouth eye lips hands actor throat tongue teeth head elbows knees cuts hands knuckles hand arm ribs wink problem country ass hair face battery capsules jaw face eyes eyes pocket arm bookmaker girl face hands eyes tongue teeth teeth hands plan keys escape arm hands head hand hand hand knots bed shorts cap eyes hands temples grin eyes hands chest chair chin collar lips hands finger finger eyes chair bellow presence,One Flew over the Cuckoo's Nest
38,uc1.32106010927215,Pete,1,shakes has comes turned worked says pulls is was shouted had kept come looked removed shook warned stopped stood saw tried had was stood looked saw turned told have had started make opened sort shook began held offering slumping crying swung said flinch come tried starts hushes get is growed gave gave 's 's tells is working tries figured knew do had do floats wore soothe pat hushed take born turn wired take take watching worn finished finished see hushed Chronic better Chronic shade bent sowing kid yards able head face knee face complaint feet voice shoulder life head head effort arm arm head eyes eyes arm knees arm image side voice mouth head ball greens pants head eyes face head hip head head singing singing saying life overalls damnedest head,One Flew over the Cuckoo's Nest
39,uc1.32106010927215,Williams,1,tells coming hollers have tell cut watch ami,One Flew over the Cuckoo's Nest
40,uc1.32106010927215,Mr. Bromden,1,tends hear know hear untying tied took pleased was shaving interrupt asking take made big hands hand mop sheet,One Flew over the Cuckoo's Nest
41,uc1.32106010927215,Martini,1,walks is says take rolls playing says told says comes kept picked whisper following called ran standing said said said head place,One Flew over the Cuckoo's Nest
42,uc1.32106010927215,Sefelt,1,have jittering holds melts asserting needs got follow knows take insist doing holds pulled landed been hollered got let gave said said said leave asked wheeled stand had trying put sprawled open raised grinned said signed told thanked keeping teeth epileptic subject honest arms eyes head mouth bite jerks pants medication mouth head mouth eyes hands face pole eyes pole jaw hand hands foot convulsion eyes mouth spit,One Flew over the Cuckoo's Nest
43,uc1.32106010927215,Ellis,1,move stands stood kept says looks says stops pay comes pulled joined overloaded nailed lifted nailed drive told Chronic nuisance Chronics face hand vote feet hands place hands hands,One Flew over the Cuckoo's Nest
44,uc1.32106010927215,Billy Boy,1,'s seems disappoint cherry,One Flew over the Cuckoo's Nest
45,uc1.32106010927215,Matterson,1,got soldier teaching,One Flew over the Cuckoo's Nest
46,uc1.32106010927215,Billy,1,tries leans feels do says looks say sees looks says points nods getting called put sighed said left worked goes lays change changed leans opens ducked fall says says throws hid comes looks know goes goes got says sweeps say moves turned screams shaking calmed walking stop quit used blushed told called punched took took shivered took helping acted do opened found gave jumps think turn climbed hollered saw volunteered told had ask tell looked asked means hit implying understand was clenching swung looked had batted looked have looked lay talking kept said got kept balking said done did slipped catch go was think said took said concentrating rolled looked said flinched is shook cried lifted shouting rubbed shaking looked did look swallowed bowed points getting gooses got lifts thanked thanked told arrived called flustered slapped teach stop drawn told brought obliged teased tickled finished took gone teasing hoorahing burned comfort shook led loony next rabbit doin nervous tiny mile number old enough aware hands knuckles arm head chin eyes plate mouth head bed thumb hands hands sittin palms shoulders stutter voice face mouth back chin hand face shirt observations hand coat lip head pole money jacket fish jacket chest arm weekends arm fist fists side hands throat hand head date return eye neck face hair mother head ear mother ear wristband girl girl face nose pajamas feet knees hands success hand cheek mouth head voice chin hand head shoulder hand cheek cheek face face neck cheek shoulder death,One Flew over the Cuckoo's Nest
47,uc1.32106010927215,George,1,talking cupped mumbled let turned held let 'cause wrung said risk shaking leaned started said took shook took looked reached said let hummed come stand aimed called stood said saw make kept said have grinned told sang speeded told drove drove yelled yelling yells takes going caught lifted bother told have said had stood kept told kept headed swung easing learned run told straightening used showered let do looked watched looked listed said said yelled stood said crash doubled wrapped laid transferred tempted watching arrived asked told ask shy captain bent hands thing feet head face eyes brow palm face head spine hand feet hands shirt head hands shirt head hands shirt cigarette head jacket shirttail brow gums name line eye fish arm head head head head face brow eyes head belly-button head belly voice belly fist,One Flew over the Cuckoo's Nest
48,uc1.32106010927215,R. P. McMurphy,1,waiting says see cards water,One Flew over the Cuckoo's Nest
49,uc1.32106011264659,Robert,1,said said sat think done had have make know doing left pick blamed meet buttered travels plate wife,Cathedral
50,uc1.32106014098278,Clinton,1,asked slender Let left see toiling minx foot hat,The Optimist's Daughter
51,uc1.32106014098278,Mr. McKelva,1,stood had remind miles,The Optimist's Daughter
52,uc1.b3462870,Alice,1,asked think put thought vomit tried felt hated sighed began cried wondered said continued rang asked waited realized said see dramatized wondered see moved sitting delaying heard cried said said reached did said sobbing make got sobbed called waited thought wondered thought thought blurted begun begged thought blacked told wanted wanted want felt wanted wondered said thought had said wondered dying see make said opened thought nodded thought said thought knew dying wondered determined smile said hope hear close shout saw thought thought passed stay screamed lay held moved help realized felt moaned whimpered thought moaned sobbed pretended sat see see met sat see licked watched sit remember follow saw watched play jump remembered saw added continued said waited hated rang pushed having said said turned slept fall waited pressed said pointed said yelled stared thought put tugged said put forgotten felt reached said knew spared reached asked wanted answered sighed see thought flopped said let said found asked got moved told stirred thought kept had asked thought softened said shook shrugged remembered say sat wait follow watched watch believed tried idolized remembered hear remembered bought remembered written refused said said feigned said be began picked know screamed fought said thought said lying crying called said knew lying met having daydreamed thought stared laughed read see see tried saw discovered rolled looked seemed suspected told thought accepted came asked wanted told was had spent began watch thought rewound pushed fall wanted closed thought called called rang felt given thought looked claimed said floated asked begin waited watched begun wondered wondered hoped beg smile dreamt been was floated woke had explain forgotten sold sold forgotten came woke leaned woke were dropped opened picked said opened envisioned said eaten dreaded answered cried returned watched explained repeated came touched scuffled wondered saw begun heard asked thought decided wondered wear asked held think said knew was loved feel began said smiled thought come taking putting realized come said pointed pointed watched watched saw whispered tried remembered thought see saw thought said asked recalled wore realized love told thought told suggested marveled thought began called going wanted miss did wanted began skidded decided made said see hit looked said allowed had seen told wanted thought looked said said heard thought thought decided thought took pretended murmured think kept thought said told suspected found believe think kept recognize said pour was complained waited waited brushed wore wondered thought lay lounging look liked suspected care think imagined imagined saw had wait touch chat talk remarked did doubt knew felt insisted said told thought thought yelled clipped yelled said counted left thought did pointed say say used point add watched took liked lie used lie remember drawn said added said brought coaxed said returned hollered hung cried pressed whispered wondered said thought said wailed stop knew grabbed gotten had said imagined thought wanted do stuttered having gave imagined pictured watch watch shriek begged insist asked twisted thought considered thought cast thought discovered necking thought thought put propped asked concluded expected remembered saw regarded scream settle sleeping hoped hoped watched came said squeezing felt looked said stood seen carry thought tell paid said dragged went blew imagined put said turned laughed thought dined poured wrote ate said knew reach told murmur held like told minded made found thought battled decided wondered heard realized drifted left said woke said know said met thought had want said had given thought said called want take seemed had wondered had run elicited saw thought help said said wanted sniffled loved decided walked thought outgrown thought squirmed said thought thought said said had remember said peeled said said wanted smiled wanted turned looked thought heard felt lifted looks throws thought watched wondered flashing said thought hit think looked got thought lined pointed hear said shook bit cackled wondered lifted cared took looked put hear moved fared stared winced lay thought thought care hung noticed had cared took followed insisted asked holding realized wanted said maintained lock thought making shivering sneezed laughed sneezed laughed rubbing said said heard asked knew wanted thought call called spoke spoke avoided wondered pointed played instructed playing thought whined scowling wince say show reading pretending cluck hated hated regarded thinks thought stared decided stayed thought wanted realized thought were thought said saw thought wanted dried looked thought 's changed said emptied cried said taken feel thought had grunted said knew was said said has looked forbidden explained changed braiding looked began quit began chatted complained loved knew known felt sipped attributed alternated get read said said care thought shudder forgive thought wondered allowed settled asked flattered saw wondered examined liked gripped said asked thought said asked answered thought spent see remembered been wondered stared awoke shifted thought asked wailed howled cried yowled thought cried suffering said stopped had thought wrote begin ask had said waited asked found suspected thought sit fit interjected lean stared chugged tried sit realized told asked spent hated harbored attributed decreased want thought thought put slept woke getting arrived thought waited thought said remembered met said think realized watched cried imagined thought said spread held looked gotten knew thought saw looked used kept cried wanted cried cried had missed cried felt sob going said said snarled thought said looked told fucked clutching hid wondered sent voted pictured shifted poked knew shouted looked hear watched was began hated hated said settled last looking told thought thought sat said said offered said need gone added said said said sighed had read began wrote crossed think asked said peered said repeated stared stared knew thought chatted shifted wriggled vacated watched watched cried disappear called said whimpered passed said told was go motored pushed waved stared watched realized stared looked see stopped said thought babbled thought heard see asked whisked believe wondered heard watched said seemed resembled wobbled said began said making thought sniveled seemed wondered sleep felt slept said lay called hung asked asked decided said sat said thought sit thought noticed saw thought held said wrote had took asked felt riding was seen watch exhausted liked said shiver shiver squirmed have said knew knew said paying thought wished considered thinking said shouted spent spent imagined sat enjoyed asked said followed wondered use called had turn found called pulled said asked wished stared thought looked do say decided watched thought watched thought sighed thought declined thought said had split swallowed read seen waited did shook realized screamed walked answered think thought answer heard smoking got said bear said wished asked said said daydreamed mused begged fell woke thought had thought pretended have considered felt outgrown preferred paid wondered thought rubbed knew reminded thought glared shrugged said thought said seen took said took smiled expected thought remembered sitting said thought said said said listened lived had looked asked saw see see see said imagined looked thought look waved thought spent collapsed said begun showed said see betrayed said watched said thought slept had asked cried saw thought realized seen seen pulled tried thought see see asked seen thought thought sitting wheeled said watched paid wanted roll said turned recognized found said spoken visited tried look lit offered followed took thought pursued tried tried tried see invite say watch decided marveled tried call stare thought said thought missing ignored gone surrounded found watched watched felt said heard said said gazed thought looked heard smiled fill wondered said thought thought said said smiled thought watched looked thought looked ogled yelled gazed see watched closed tried tried drifted go asked said went wanted said said continued smiled flickered sighed lifted continued reached said continued hauled began think think wondered care wondered said swung pull pulled said eyed heard said sat asked imagine said looked decided felt tried recalled asked said slid watched told watched felt felt arrived asked said ran approached lay listened heard thought wished had watch sleep went seen found lay thought closed felt went looked put breathed put said continued sat slid run wondered was realized had accepted craved went felt decided photographed said saw told tried had asked decided came suggested answered imagined went rolled felt careened slid liked said have got tell tell tell was felt asked seen said said said traveled cried follow saw felt had said sat kept said leave said realized said said noticed want wanted knew knew flipped signing rolled said dropped glared looked drank sat put nuzzled began said murmured slid please put said pictured pushed said visited say moaned practiced asked said looked said felt knew remembered met decided get finished made reminded vowed thought wondered put pulled saw fell closed looked stuck hated missed played said said hauled stand stumbled seen lift shout lift wore began began note felt reply hit bend leaned stopped stood walk looked suspected thought sat tell heard gazing thought heard left walked went seen said looked looked thought asked shuddered wrapped guess tried thought loathed burned said yelled say remembered handed said added loved look thought smiled told say said thought bought concluded bloom sensed was missed woke separate fastened send felt casting pull pull gave admired had grumble followed walk knew wanted thought protested missing went looked tucked began cried wiped said said said stared seen read asked saw said looked said put muttered cried began pointed was pressed liked fit refused had wondered assured had sent decided heard said said said had wondered get looked nodded planning wondered be bend began felt waiting transfer asked asked asked began said looked said told thought going stared stared nodded walked sat walk looked thought has thought thought asked suggested thought said curled wanted curled recalled seen finished wanted said told asked believed continued agreed sympathized said said watched wondered hurt hoped felt said asked spent sat read thought dozed wondered heard heard heard thought thought thought cried walked reminded left said suggested take sat repeated said said said added said said said knew said waited hope wear read groan fall lay growled thought fell woke said waited switched gave told said said said decided said thought thought thought tried think forgot thought tried nodded feel see saw thought cried saw cried called shrieked watched tried tried looked see opened know threw said lifted brought held opened said said woke said thought knew stared crippled murmured looked looked pulled thought began began said stared thought saw began continue see been said smell know smelled used looked met went bit sat felt watched watched looked surprised walk lie shout thought thought spilled stared saw stared watched watched watched remembered asked cried sat stared said said thought thought seduced went gotten gave told cried thought said said sighed began answered said said said been began sit sat said added said went wrote looked watched saw sat said thought leaned thought watched watched spoke read watched bear climbed said have had going thought saw knew looked remembered told walking clenched said returned wondered do saw thought smelled headed remember wheeled felt said felt looked remember looked found sweated looked realized looked said squeezed woke lay thought looked thought thought picked take exercise thought watched is said began washed sat asked said said thought spent need coming thought go see slept woke walked waited said walked was walking thought felt wished sighed looked talk hated stood had wanted stopped tried failed shook nodded nodded forced thought knew had said said replied said thought speak opened blurted thought looked looked asked said moved looked reminded told told cried tempted lift shifted saw told told wedged born called waking asked testing followed told approached shamed looking written doubt said wheeled wheeled hypnotizing lowered protected lifted tell turn allowed seen poke treated prep told asked flung asked held exhausted take hear refined bring helped told greeted see reminding escaped reached frighten tempt asked told sent touched told rumbling adjusted wired hear tell asked ask smacked taught taken comforted gratified embarrassed tricked tricked upset told examine examine condemning eased lowered wheeled encouraged used urging get struck had struck told convinced told telling attached picked show married asked urged come told asked overcome supposed wheeled asked pulled lifted gone wheeled pick cut evaluated pushed wheeled lifted put told wheeled hoisted left pulled stayed reached eyed invited informed escaped stayed hauled facing kissing steadied see told told stationed shocked recognized asked taken spent love love told kissing lifted pinning pulled embraced kissing kissed taught told told rolled took gave told told forced get dragged startled wheeled pushing carrying face hear loved wheeled hugging helped tucked attached met told exhausted lowered dazed asked terrified grab drag cuffed convinced bored left exhausted wore told convince remind tucked held pressed assured terrified told folded asked meet described told told woke checked ask rolled jabbed made rolled helped loved loved hugged crushing hugged overwhelmed accompanied hugged restored hear recommend surrounded patted find sure tired sure rack alive unloaded leader embarrassed baby overweight sure wrong foolish impolite shut-in sure afraid scuffing worn-out speechless afraid girl nice silent success miserable feeble mistress sure girl sure sure quiet awake sure sure sure bad delirious neat child able student nice better sick glad worse sure stupid number seasick disorganized fool normal undermedicated disabled surprised sweating afraid feeble blonde sure sure glad pi afraid aware dizzy frightened harmless sure sure embarrassed grateful grateful grateful young tall digging wide-awake able embarrassed excited schoolteacher obese Scout recipient glad tipsy sure formal yearning afraid sure child noble independent delighted able curious sure lady barber Simchas hoarse young furious miles sure mother mother forehead mother one lips mother hands asked husband accent bed shot hands bed legs doctor teeth neighbors door breath nostrils hands leg leg voice eyes side over desk eyes sheets face pamphlets head eyes breath knees ??? grandmother grandmother breath legs knees chest hips cousin stretcher back room childhood father mother back stories house bedroom stop eyes teacher teacher way mother head head flashlight eyes way arm hand arm vein sides eyes arm arm mother chair mother sunglasses head mother father eyes mother mother mother name children husband mother father brother father mother head father father father parents father mother light mother fantasies father father mother mother father father chip mother mother father father mother father side father heart passions record father friends friends father 45 ??? bangs friends sneakers father friends mother mother forehead hair mother mother brother mother hand mother father mother neighbors room pole slippers bed mother father time Jell-O eyes tears mother legs feet lip arms legs legs hips feet shot life skin aunt bed mother dream horse father pony dream stomach dream horse level pony cheek ones cheeks dream mother mother half mouth eyes unconscious father ??? mother Kiev hat head hands helplessness sleep functions light flank hip hips thigh clogs mother hands Lawrence mother stretcher stretcher father bed mother father letters memories mother father drawer legs legs hair leg head brother mother mother routine mother mother mother mother mother feelings mother stomach friends arm lap grit teeth knuckles mother dancing mother tray mother mother mother mother skin bed hello mother sunglasses mother mother mother mother room grievances body weakness surroundings sensibility hair gowns thoughts arms face eyes bed power feel mother bed bed fingers friends arm arm arm right fist arm arm arms friends arm hip friends mother friends mother room mother nose daughter visitors mother parents mother stomach lip mother mouth drawing chin face knuckles legs mother thighs mother tone mother thighs arm mother thighs look cause hand teacher feel lungs mother bed visitors ankle ankle joints screams head face nose mouth sheets pillows face teacher head head days pillows mouth greens mother pillows lap mother forehead hand mother mother hand face lips camera cigarette slightly face forehead chin stomach hand menu coat bedside mother mother rhetoric teeth mouth tongue mother celery celery tray vision creep mother eyes room recorder mother drawer guidance visitors name son head panic cheek r reverie hand shot mother finger selfpity mother mother head chin mouth head mother laugh mother mother mother mother pull room wrists bed head lip mouth thighs pleasure thighs arm more head legs arms legs friends request copy recording ??? face Wellington temperature magazines friends body fever x-rays name chart doctors well friends grandmother lap grandmother mouth legs nose legs hand nose mother handkerchief fingers toes father grandfather father grandfather brother table brother brother gifts mother mother mother father head book brother father brother mother mother mother stomach father head underpants mother eyes mother mother pocketbook mother mother grandmother grandmother grandmother lunch puffs grandmother hands mother grandmother throat grandmother grandmother brother parents hair ears coffee dislike distaste pills ??? hands well pain pillows mother door x-rays leg well help orthopedists parents window anything equipment mother door pain mother story surgery mother hips elbows arms therapist mother legs handlers reach perspective legs aunt life fruit search junket misery hair head toes bedsores doctors recovery illness chart recovery moved idea doctors well doctors mother trip neck grandfather miracle mother father mother questions mother notebook eyes father father father father father father mother hands mother stomach bed food table player letters pictures pillow mother sunglasses head head arms chest photograph drawer postcard cards mother foot side unwrapped teeth chin pillows mother mother father mother father feet books father own legs mother feet mother belongings feet mother clothes shirt neck jeans pull head stretcher mother water hairbrush glass radio view door tray yesterday door room feet shoulders behind body down mother mother mother mother stomach legs side jacket caravan pocket hip leg wheelchair bed room schedule legs suit side beneath eyes head mouth time bed room hands arms hands pocket head move knees parents half home belt mother mother mother mother father mother ankles face feet friends cards books mother father she about forefinger pants thighs legs brother room brother room rage mother eyes time muscles arm mother mother mother face mother muscles arms enthusiasms mother pulleys press health illness head age curiously eyes frescoturned-to-flesh thoughts room room biceps hand bed scores eye room eyes palms room chair head lashes narrator waist lap legs wheelchair wheelchair trip face father father legs heels brother brother brother brother room room thumbs therapist suit bed thought eyes eyes grandmother feet palm happy father brother grandmother mother brother grandmother grandfather grandmother mother grandmother finger daughter finger wheelchair coat around family father grandmother grandfather brother mother wheelchair father mother father wheelchair company wheels father mother mother mother father parents presents mother father mother well side brother room brother brother brother father mother mother up senses mother mother mother mother own neck mother own mother head head chair wheels way father look beer hand hand hand coat arms seat mass foot foot quarter legs eyes doctors nose lips hands head eyes hand enthusiasm feel chair room hands face shoulders arms therapist back holding teammates chair walker position team neck face cheeks wheelchair walker fingers shoulder knee head five own nurses feet feet heel pants feet canes teeth bed way work adjust grandparents mother mother bowl soup mother mother arms mother eyes mother self-pity mother mother quickly father mother angry father mother mother mother mother mother canes mother mother accent tongue hand jaw mother lips mother pants mother mother mother schedule cheek mother mother mother friends mother mother mother mother mother mother mother mother mother mother nap muscles endurance range legs doctors illness day face face mother childhood body mind hips virginity mouth room mother lip mother direction lip lip father operation Hum father father grandmother grandmother hand throat brother brother grandmother operation feet head eyes palm carcasses window mother mother parents brother bag mother child brother upstairs mother brother mother legs groaned doctor stretcher lips doctor side reflection feet thigh eyes slack hands hands face stretcher hands eyes mother room mother knots sardines put shoes mother mother mother hand father father daddy father mother mother fantasies mother mother brother father brother father father turn pony room room thinking door pillowcase father leg leg leg father concert father foot sailing leg cheek father eyes think mother surgery hip doctor cheek foot eyes mother heart mother mother bed mother mother mother mother mother pillows mother mother parents mother room mother mother room desk mother mother face bed face pillows arms legs friends fists doctor eye forehead friends friends friends friends friends shoes name table table mother mother mother hands bed shoulders bed head mother mother mother binoculars mother mother mother mother easily mother mother heart head mother mouth eyes heart,Alice in Bed
53,uc2.ark+=13960=t22b8w678,Morton,1,picked laughed laughed reached questioned shrugged leaned stood talked dropped drew admitted said see urged shrank seemed wrote went come be had said asked looked danced departed come protested go petted enjoyed petted seemed joked said replied watched studied watched said said seated seized has put explained sidled seemed mean talking rose said lingered insisted left seem hung studied had had know tell found pressed used reappeared treated fled brought arose wished stood repeated done associated wished saved wished kept wished come was threw determined began liked filled whirled monopolise said took left do swore held kept been wish hidden lit heard marry loved has has gave say say took met stopped had went turned said whitened told had consigned fall did do rose demanded has has said looking said reached said laughed said left left console made made gone considered died satisfy persuaded do kissed see regarding devoted pleased 'Re help manage put keep frightened used aid said treated keep handed drove inquired got have marry had had see pictured forgiven tell pass tell kill known blinding sulky quiet afraid devoted attention wakeful gentler anxious stranger sister shoulders teeth arms aunt honours aunt hand face sister aunt aunt arm hotel manners bearing aunt aunt demeanour aunt walk wit aunt knees hand lip aunt face life Ma mother devotion admiration years advantage childhood shoes hand affairs heart breath youth childhood mind money shoulders head devotion manner aunt name eyes admiration tongue card hand one face face emotion face devotion aunt face life eyes hand lips confessions question face confessions feet care resolutions living hands face feet aunt sister office departure appearance departure anger ness disappointment own,The Crux
